{
  "user_id": "6",
  "passphrase": "hello",
  "features": {
    "pitch_mean": 805.7504272460938,
    "pitch_std": 811.46875,
    "pitch_range": 2974.192138671875,
    "spectral_centroid_mean": 1337.1820241398198,
    "spectral_centroid_std": 180.79249815842672,
    "mfcc_mean": -26.36923599243164,
    "mfcc_std": 126.60541534423828,
    "energy_mean": 0.029136480763554573,
    "energy_std": 0.056222740560770035,
    "zcr_mean": 0.07857342155612244,
    "zcr_std": 0.020292636311746007,
    "rolloff_mean": 2535.235969387755,
    "rolloff_std": 481.5692956262932
  },
  "created_at": "2025-07-09T19:03:57"
}