{
  "user_id": "999",
  "passphrase": "Hello",
  "features": {
    "pitch_mean": 750.0579833984375,
    "pitch_std": 775.6514282226562,
    "pitch_range": 2856.046630859375,
    "spectral_centroid_mean": 1147.3301618694368,
    "spectral_centroid_std": 231.70084206927595,
    "mfcc_mean": -20.84027671813965,
    "mfcc_std": 118.54832458496094,
    "energy_mean": 0.04361657053232193,
    "energy_std": 0.07550177723169327,
    "zcr_mean": 0.05904217155612245,
    "zcr_std": 0.03108339651326197,
    "rolloff_mean": 2217.6339285714284,
    "rolloff_std": 612.7404938364934
  },
  "created_at": "2025-07-10T00:58:09"
}